{"cameraMode":{"drawMode":0,"name":"Shaded","section":"Shading Mode"},"sceneLighting":true,"audioPlay":false,"sceneViewState":{"showFog":true,"showMaterialUpdate":false,"showSkybox":true,"showFlares":true,"showImageEffects":true,"showParticleSystems":true},"in2DMode":false,"pivot":{"x":0.0784449577331543,"y":0.034888505935668948,"z":-0.34229564666748049},"rotation":{"x":-0.1119576096534729,"y":0.7894057035446167,"z":-0.15125331282615663,"w":-0.5843174457550049},"size":3.7048556804656984,"orthographic":false}