{"cameraMode":{"drawMode":0,"name":"Shaded","section":"Shading Mode"},"sceneLighting":true,"audioPlay":false,"sceneViewState":{"showFog":true,"showMaterialUpdate":false,"showSkybox":true,"showFlares":true,"showImageEffects":true,"showParticleSystems":true},"in2DMode":false,"pivot":{"x":2.6531295776367189,"y":1.5408711433410645,"z":1.128499984741211},"rotation":{"x":-0.23673667013645173,"y":-0.22743107378482819,"z":0.05710439756512642,"w":-0.9428533911705017},"size":3.625518321990967,"orthographic":true}