{"cameraMode":{"drawMode":0,"name":"Shaded","section":"Shading Mode"},"sceneLighting":false,"audioPlay":false,"sceneViewState":{"showFog":true,"showMaterialUpdate":false,"showSkybox":false,"showFlares":true,"showImageEffects":true,"showParticleSystems":true},"in2DMode":false,"pivot":{"x":-2.507004737854004,"y":0.1951444149017334,"z":1.6705079078674317},"rotation":{"x":0.08380959182977677,"y":-0.8721474409103394,"z":0.16086581349372865,"w":0.45437777042388918},"size":1.1491085290908814,"orthographic":true}